Timestamp,World_X,World_Y,World_Z,UTM_Easting,UTM_Northing,UTM_Zone,Velocity_kmh,Yaw,Acceleration,Steering,Throttle
0.298,-3490.00,-9330.00,55.87,320797.7602,4039142.5139,52,0.29,0.0000,0.9862,1.0000,0.0000
0.387,-3490.00,-9330.00,54.51,320797.7602,4039142.5139,52,1.47,0.0000,4.0992,1.0000,0.0000
0.459,-3490.00,-9330.00,52.06,320797.7602,4039142.5139,52,2.64,0.0000,4.5339,1.0000,0.0000
0.507,-3490.00,-9330.00,48.52,320797.7602,4039142.5139,52,3.82,0.0000,5.6763,1.0000,0.0000
0.544,-3490.00,-9330.00,43.90,320797.7602,4039142.5139,52,4.99,0.0000,8.1305,1.0000,0.0000
0.607,-3490.00,-9330.00,31.39,320797.7602,4039142.5139,52,7.34,0.0000,21.9979,1.0000,0.0000
0.703,-3487.24,-9330.00,14.63,320797.7877,4039142.5139,52,6.91,0.0012,-4.1670,1.0000,0.0000
0.803,-3473.85,-9329.97,8.53,320797.9217,4039142.5136,52,6.74,0.0132,-1.7226,1.0000,0.0000
0.908,-3449.60,-9329.90,15.70,320798.1642,4039142.5130,52,10.96,0.0382,39.0680,1.0000,0.0000
1.012,-3418.02,-9329.80,22.41,320798.4799,4039142.5119,52,13.75,0.0700,24.9382,1.0000,0.0000
1.105,-3386.52,-9329.67,24.06,320798.7950,4039142.5106,52,16.40,0.1016,25.3132,1.0000,0.0000
1.208,-3334.22,-9329.45,21.62,320799.3180,4039142.5084,52,20.55,0.1519,38.2586,1.0000,0.0000
1.311,-3278.24,-9329.17,18.69,320799.8778,4039142.5056,52,24.09,0.2016,31.8487,1.0000,0.0000
1.401,-3222.98,-9328.86,17.70,320800.4304,4039142.5025,52,27.22,0.2461,30.9521,1.0000,0.0000
1.507,-3144.99,-9328.36,18.40,320801.2103,4039142.4976,52,31.25,0.3033,37.5745,1.0000,0.0000
1.607,-3061.87,-9327.78,19.68,320802.0415,4039142.4917,52,35.09,0.3573,35.9250,1.0000,0.0000
1.711,-2961.98,-9327.00,20.40,320803.0404,4039142.4839,52,39.31,0.4144,38.1921,1.0000,0.0000
1.811,-2852.82,-9326.07,20.19,320804.1320,4039142.4746,52,43.54,0.4683,38.1164,1.0000,0.0000
1.905,-2744.17,-9325.07,19.70,320805.2185,4039142.4646,52,47.44,0.5147,37.0862,1.0000,0.0000
2.003,-2618.09,-9323.82,19.42,320806.4792,4039142.4521,52,51.66,0.5613,40.8541,1.0000,0.0000
2.102,-2486.43,-9322.43,19.54,320807.7959,4039142.4382,52,55.79,0.6027,40.5671,1.0000,0.0000
2.206,-2335.38,-9320.75,19.86,320809.3064,4039142.4214,52,60.14,0.6429,41.0177,1.0000,0.0000
2.302,-2171.62,-9318.84,20.03,320810.9440,4039142.4023,52,64.40,0.6790,41.6699,1.0000,0.0000
2.404,-2005.89,-9316.82,19.99,320812.6013,4039142.3821,52,68.34,0.7091,37.7771,1.0000,0.0000
2.504,-1823.40,-9314.51,19.89,320814.4261,4039142.3590,52,72.30,0.7361,38.0161,1.0000,0.0000
2.609,-1626.66,-9311.94,19.84,320816.3936,4039142.3334,52,76.22,0.7594,35.9324,1.0000,0.0000
2.711,-1426.79,-9309.27,19.90,320818.3923,4039142.3066,52,79.89,0.7779,33.1832,1.0000,0.0000
2.803,-1235.32,-9306.66,19.96,320820.3069,4039142.2805,52,83.15,0.7918,31.5925,1.0000,0.0000
2.905,-1017.92,-9303.65,19.96,320822.4810,4039142.2504,52,86.24,0.8038,29.4555,1.0000,0.0000
3.006,-796.61,-9300.54,19.83,320824.6941,4039142.2193,52,86.09,0.8124,-1.3356,1.0000,0.0000
3.109,-568.56,-9297.31,19.53,320826.9746,4039142.1870,52,85.95,0.8185,-1.3402,1.0000,0.0000
3.207,-369.47,-9294.47,19.37,320828.9655,4039142.1586,52,87.83,0.8223,17.6778,1.0000,0.0000
3.304,-141.39,-9291.20,19.43,320831.2462,4039142.1259,52,90.01,0.8252,20.8707,1.0000,0.0000
3.408,62.40,-9288.26,19.70,320833.2841,4039142.0966,52,91.95,0.8270,18.0591,1.0000,0.0000
3.508,303.32,-9284.79,20.04,320835.6934,4039142.0618,52,94.22,0.8281,21.0669,1.0000,0.0000
3.602,536.73,-9281.42,20.09,320838.0275,4039142.0281,52,96.38,0.8285,21.0906,1.0000,0.0000
3.708,781.29,-9277.89,19.96,320840.4731,4039141.9928,52,98.59,0.8288,20.5015,1.0000,0.0000
3.808,1037.39,-9274.19,19.77,320843.0341,4039141.9558,52,100.83,0.8289,20.8560,1.0000,0.0000
3.908,1277.45,-9270.72,19.73,320845.4347,4039141.9212,52,102.88,0.8281,18.9980,1.0000,0.0000
4.012,1550.58,-9266.79,19.83,320848.1660,4039141.8818,52,105.14,0.8254,20.1542,1.0000,0.0000
4.105,1798.71,-9263.23,19.96,320850.6473,4039141.8462,52,107.13,0.8206,18.9209,1.0000,0.0000
4.212,2077.69,-9259.25,19.95,320853.4371,4039141.8064,52,109.31,0.8121,19.4306,1.0000,0.0000
4.307,2335.51,-9255.61,19.93,320856.0153,4039141.7700,52,111.26,0.8011,18.2900,1.0000,0.0000
4.403,2598.22,-9251.95,19.87,320858.6424,4039141.7334,52,113.19,0.7864,18.7300,1.0000,0.0000
4.503,2886.79,-9248.01,19.87,320861.5281,4039141.6940,52,115.25,0.7657,19.9757,1.0000,0.0000
4.609,3195.96,-9243.90,19.87,320864.6198,4039141.6529,52,117.39,0.7379,19.5526,1.0000,0.0000
4.702,3462.74,-9240.47,19.93,320867.2875,4039141.6186,52,119.18,0.7094,17.5027,1.0000,0.0000
4.808,3784.36,-9236.50,19.91,320870.5038,4039141.5789,52,121.29,0.6679,19.3924,1.0000,0.0000
4.901,4060.93,-9233.23,19.94,320873.2695,4039141.5462,52,123.04,0.6393,17.3352,1.0000,0.0000
5.007,4388.80,-9229.46,19.89,320876.5482,4039141.5085,52,125.07,0.6262,18.9202,1.0000,0.0000
5.100,4694.98,-9225.86,19.86,320879.6100,4039141.4725,52,125.87,0.6775,8.0509,0.0000,0.0000
5.202,5003.31,-9221.37,19.65,320882.6933,4039141.4276,52,121.68,0.9799,-40.9746,0.0000,0.0000
5.305,5312.84,-9214.63,18.90,320885.7886,4039141.3603,52,114.72,1.6963,-66.4727,0.3985,0.0000
5.408,5592.34,-9203.93,18.17,320888.5836,4039141.2533,52,113.10,3.1093,-15.0455,0.2030,0.0000
5.502,5855.11,-9186.88,18.22,320891.2113,4039141.0827,52,112.53,5.2647,-5.5655,0.1522,0.0000
5.608,6146.99,-9156.71,19.10,320894.1301,4039140.7810,52,111.03,8.4321,-13.9776,0.1522,0.0000
5.701,6386.88,-9121.24,19.82,320896.5290,4039140.4263,52,109.54,11.2123,-14.7101,0.0000,0.0000
5.807,6659.86,-9067.26,19.97,320899.2588,4039139.8865,52,107.48,14.5416,-19.1874,0.0756,0.0000
5.906,6900.35,-9005.57,19.52,320901.6637,4039139.2696,52,106.41,17.7319,-10.0654,0.1950,0.0000
6.000,7139.27,-8929.86,19.06,320904.0529,4039138.5125,52,105.50,21.0619,-9.0604,0.8834,0.0000
6.108,7396.12,-8831.32,18.99,320906.6214,4039137.5271,52,105.28,24.6550,-2.0940,1.0000,0.0000
6.210,7615.63,-8732.36,19.36,320908.8165,4039136.5375,52,106.43,27.5877,10.4424,1.0000,0.0000
6.307,7843.15,-8615.47,19.85,320911.0916,4039135.3686,52,107.78,30.4323,12.5785,1.0000,0.0000
6.409,8072.74,-8482.38,20.10,320913.3876,4039134.0377,52,109.19,33.2465,12.8890,0.7983,0.0000
6.506,8276.36,-8350.87,20.11,320915.4238,4039132.7227,52,109.50,35.8535,2.9739,0.2033,0.0000
6.608,8493.57,-8194.63,19.73,320917.5959,4039131.1602,52,108.59,38.9685,-8.5037,0.1547,0.0000
6.711,8683.30,-8042.52,19.29,320919.4932,4039129.6391,52,106.54,41.9637,-18.3524,0.1547,0.0000
6.800,8847.39,-7897.39,18.95,320921.1341,4039128.1878,52,103.61,44.5845,-29.2467,0.1547,0.0000
6.913,9034.08,-7714.25,18.74,320923.0010,4039126.3564,52,100.28,47.7170,-29.5025,0.1547,0.0000
7.014,9190.92,-7541.30,18.80,320924.5694,4039124.6269,52,98.16,50.7591,-18.6778,0.1547,0.0000
7.101,9319.34,-7383.57,19.03,320925.8536,4039123.0496,52,96.79,53.5567,-13.4737,0.0000,0.0000
7.202,9449.31,-7205.59,19.31,320927.1533,4039121.2698,52,94.75,56.7247,-20.0318,0.2124,0.0000
7.305,9571.38,-7016.23,19.49,320928.3740,4039119.3762,52,93.59,60.0594,-11.1874,0.5012,0.0000
7.408,9677.09,-6828.93,19.51,320929.4311,4039117.5032,52,92.49,63.3313,-10.1320,0.8020,0.0000
7.507,9775.29,-6627.25,19.43,320930.4131,4039115.4864,52,91.25,66.8733,-11.6160,1.0000,0.0000
7.602,9847.90,-6452.42,19.36,320931.1392,4039113.7381,52,90.23,69.9757,-10.0383,1.0000,0.0000
7.710,9922.33,-6241.25,19.33,320931.8834,4039111.6264,52,89.03,73.3968,-10.9244,1.0000,0.0000
7.808,9982.10,-6039.83,19.33,320932.4811,4039109.6122,52,87.75,75.8866,-11.8171,1.0000,0.0000
7.909,10030.21,-5849.72,19.34,320932.9623,4039107.7111,52,86.44,77.7101,-12.0212,1.0000,0.0000
8.006,10072.93,-5653.59,19.33,320933.3894,4039105.7498,52,85.02,79.2318,-13.4598,1.0000,0.0000
8.104,10110.35,-5454.13,19.31,320933.7637,4039103.7552,52,83.84,80.5678,-11.3241,1.0000,0.0000
8.201,10140.64,-5268.34,19.32,320934.0665,4039101.8973,52,82.78,81.6709,-10.4735,1.0000,0.0000
8.309,10170.96,-5053.51,19.36,320934.3698,4039099.7491,52,81.51,82.8096,-11.7585,1.0000,0.0000
8.407,10193.52,-4868.58,19.39,320934.5954,4039097.8997,52,80.33,83.6862,-11.0259,1.0000,0.0000
8.501,10213.24,-4683.11,19.37,320934.7926,4039096.0450,52,79.09,84.4794,-12.2912,1.0000,0.0000
8.607,10232.16,-4477.05,19.34,320934.9817,4039093.9844,52,77.39,85.2689,-15.9222,1.0000,0.0000
8.701,10245.99,-4302.03,19.32,320935.1201,4039092.2342,52,76.94,85.8679,-4.4557,1.0000,0.0000
8.811,10259.76,-4099.55,19.37,320935.2578,4039090.2094,52,76.72,86.4792,-1.9175,1.0000,0.0000
8.910,10270.05,-3922.79,19.45,320935.3607,4039088.4418,52,75.50,86.9547,-11.1709,1.0000,0.0000
9.003,10278.93,-3745.70,19.51,320935.4495,4039086.6709,52,75.84,87.3784,3.3274,1.0000,0.0000
9.109,10287.22,-3551.40,19.45,320935.5324,4039084.7280,52,73.92,87.7970,-17.6706,1.0000,0.0000
9.202,10293.05,-3390.63,19.44,320935.5907,4039083.1202,52,75.19,88.1019,12.4780,1.0000,0.0000
9.315,10299.15,-3190.70,19.44,320935.6517,4039081.1209,52,75.23,88.4396,0.3718,1.0000,0.0000
9.401,10303.10,-3035.35,19.50,320935.6912,4039079.5674,52,74.57,88.6750,-6.5209,1.0000,0.0000
9.507,10307.17,-2842.60,19.52,320935.7319,4039077.6399,52,74.53,88.9362,-0.3168,1.0000,0.0000
9.601,10310.08,-2670.78,19.46,320935.7610,4039075.9217,52,73.16,89.1447,-13.6883,1.0000,0.0000
10.005,10312.11,-2521.47,19.43,320935.7813,4039074.4286,52,73.36,89.3067,0.4868,1.0000,0.0000
